--
-- PostgreSQL database dump
--

-- Dumped from database version 16.1
-- Dumped by pg_dump version 16.1

SET statement_timeout = 0;
SET lock_timeout = 0;
SET idle_in_transaction_session_timeout = 0;
SET client_encoding = 'UTF8';
SET standard_conforming_strings = on;
SELECT pg_catalog.set_config('search_path', '', false);
SET check_function_bodies = false;
SET xmloption = content;
SET client_min_messages = warning;
SET row_security = off;

SET default_tablespace = '';

SET default_table_access_method = heap;

--
-- Name: courses; Type: TABLE; Schema: public; Owner: postgres
--

CREATE TABLE public.courses (
    id integer NOT NULL,
    name character varying(255) NOT NULL,
    price integer DEFAULT 0,
    created_at timestamp with time zone DEFAULT now(),
    updated_at timestamp with time zone DEFAULT now()
);


ALTER TABLE public.courses OWNER TO postgres;

--
-- Name: courses_id_seq; Type: SEQUENCE; Schema: public; Owner: postgres
--

ALTER TABLE public.courses ALTER COLUMN id ADD GENERATED BY DEFAULT AS IDENTITY (
    SEQUENCE NAME public.courses_id_seq
    START WITH 1
    INCREMENT BY 1
    NO MINVALUE
    NO MAXVALUE
    CACHE 1
);


--
-- Name: customers; Type: TABLE; Schema: public; Owner: postgres
--

CREATE TABLE public.customers (
    id integer NOT NULL,
    email character varying(100) NOT NULL,
    password character varying(100) NOT NULL,
    created_at timestamp with time zone DEFAULT now(),
    updated_at timestamp with time zone DEFAULT now(),
    status boolean DEFAULT true,
    name character varying
);


ALTER TABLE public.customers OWNER TO postgres;

--
-- Name: custumers_id_seq; Type: SEQUENCE; Schema: public; Owner: postgres
--

ALTER TABLE public.customers ALTER COLUMN id ADD GENERATED ALWAYS AS IDENTITY (
    SEQUENCE NAME public.custumers_id_seq
    START WITH 1
    INCREMENT BY 1
    NO MINVALUE
    NO MAXVALUE
    CACHE 1
);


--
-- Name: devices; Type: TABLE; Schema: public; Owner: postgres
--

CREATE TABLE public.devices (
    id integer NOT NULL,
    name character varying(50),
    version character varying(50),
    type character varying(50),
    login_at timestamp with time zone DEFAULT now(),
    req_last timestamp with time zone,
    user_id integer,
    "customerId" integer
);


ALTER TABLE public.devices OWNER TO postgres;

--
-- Name: devices_id_seq; Type: SEQUENCE; Schema: public; Owner: postgres
--

ALTER TABLE public.devices ALTER COLUMN id ADD GENERATED ALWAYS AS IDENTITY (
    SEQUENCE NAME public.devices_id_seq
    START WITH 1
    INCREMENT BY 1
    NO MINVALUE
    NO MAXVALUE
    CACHE 1
);


--
-- Name: groups; Type: TABLE; Schema: public; Owner: postgres
--

CREATE TABLE public.groups (
    id integer NOT NULL,
    name character varying,
    created_at timestamp with time zone,
    updated_at timestamp with time zone
);


ALTER TABLE public.groups OWNER TO postgres;

--
-- Name: groups_id_seq; Type: SEQUENCE; Schema: public; Owner: postgres
--

ALTER TABLE public.groups ALTER COLUMN id ADD GENERATED ALWAYS AS IDENTITY (
    SEQUENCE NAME public.groups_id_seq
    START WITH 1
    INCREMENT BY 1
    NO MINVALUE
    NO MAXVALUE
    CACHE 1
);


--
-- Name: phones; Type: TABLE; Schema: public; Owner: postgres
--

CREATE TABLE public.phones (
    id integer NOT NULL,
    user_id integer NOT NULL,
    phone integer NOT NULL,
    created_at timestamp with time zone DEFAULT now(),
    updated_at timestamp with time zone DEFAULT now()
);


ALTER TABLE public.phones OWNER TO postgres;

--
-- Name: users; Type: TABLE; Schema: public; Owner: postgres
--

CREATE TABLE public.users (
    id integer NOT NULL,
    name character varying(50),
    email character varying(50),
    created_at timestamp with time zone DEFAULT now(),
    updated_at timestamp with time zone DEFAULT now(),
    status boolean DEFAULT false,
    deleted_at timestamp with time zone,
    group_id integer
);


ALTER TABLE public.users OWNER TO postgres;

--
-- Name: users_courses; Type: TABLE; Schema: public; Owner: postgres
--

CREATE TABLE public.users_courses (
    id integer NOT NULL,
    user_id integer,
    courses_id integer,
    created_at timestamp with time zone DEFAULT now(),
    updated_at timestamp with time zone DEFAULT now()
);


ALTER TABLE public.users_courses OWNER TO postgres;

--
-- Name: users_courses_id_seq; Type: SEQUENCE; Schema: public; Owner: postgres
--

ALTER TABLE public.users_courses ALTER COLUMN id ADD GENERATED BY DEFAULT AS IDENTITY (
    SEQUENCE NAME public.users_courses_id_seq
    START WITH 1
    INCREMENT BY 1
    NO MINVALUE
    NO MAXVALUE
    CACHE 1
);


--
-- Name: users_id_seq; Type: SEQUENCE; Schema: public; Owner: postgres
--

ALTER TABLE public.users ALTER COLUMN id ADD GENERATED ALWAYS AS IDENTITY (
    SEQUENCE NAME public.users_id_seq
    START WITH 1
    INCREMENT BY 1
    NO MINVALUE
    NO MAXVALUE
    CACHE 1
);


--
-- Data for Name: courses; Type: TABLE DATA; Schema: public; Owner: postgres
--

COPY public.courses (id, name, price, created_at, updated_at) FROM stdin;
4	React	50000	2024-01-10 20:17:46.22613+07	2024-01-10 20:17:46.22613+07
5	Javascript	20000	2024-01-10 20:17:46.22613+07	2024-01-10 20:17:46.22613+07
6	HTML-CSS	0	2024-01-10 20:17:46.22613+07	2024-01-10 20:17:46.22613+07
\.


--
-- Data for Name: customers; Type: TABLE DATA; Schema: public; Owner: postgres
--

COPY public.customers (id, email, password, created_at, updated_at, status, name) FROM stdin;
27	trung@gmail.com	$2b$10$EN.d7SqrDf9tvgbBYx/oHuj7uP174DNITykzVrMBgf0fn6w9JiXgy	2024-01-13 22:08:05.225124+07	2024-01-13 22:08:05.225124+07	t	Trung
28	trunglv3@gmail.com	$2b$10$z0HoOM1ev.SU2Sc.8JbjL.hPEuz.Xco7MJY4acfELHipJ5bc2fuVW	2024-01-13 23:20:58.628211+07	2024-01-13 23:20:58.628211+07	t	trung2
29	trunglvas@gmail.com	$2b$10$PBRGMMggo7oRQr8XVVDtXe7K0QjwgiHc6.mfpBozUUWY1QSg29O5y	2024-01-13 23:23:17.1197+07	2024-01-13 23:23:17.1197+07	t	trung3
\.


--
-- Data for Name: devices; Type: TABLE DATA; Schema: public; Owner: postgres
--

COPY public.devices (id, name, version, type, login_at, req_last, user_id, "customerId") FROM stdin;
42	Chrome	120.0.0.0	desktop	2024-01-13 23:21:03.985011+07	2024-01-13 23:23:09.097+07	28	\N
43	Chrome	120.0.0.0	desktop	2024-01-13 23:23:34.370177+07	2024-01-13 23:23:47.592+07	29	\N
44	Chrome	120.0.0.0	desktop	2024-01-13 23:23:45.771014+07	2024-01-13 23:23:47.592+07	29	\N
\.


--
-- Data for Name: groups; Type: TABLE DATA; Schema: public; Owner: postgres
--

COPY public.groups (id, name, created_at, updated_at) FROM stdin;
1	Subscriber	\N	\N
2	Staff	\N	\N
3	Manager	\N	\N
4	Administrator	\N	\N
\.


--
-- Data for Name: phones; Type: TABLE DATA; Schema: public; Owner: postgres
--

COPY public.phones (id, user_id, phone, created_at, updated_at) FROM stdin;
1	23	12345678	2024-01-07 21:36:18.184852+07	2024-01-07 21:36:18.184852+07
\.


--
-- Data for Name: users; Type: TABLE DATA; Schema: public; Owner: postgres
--

COPY public.users (id, name, email, created_at, updated_at, status, deleted_at, group_id) FROM stdin;
20	5	user5@gmail.com	2024-01-07 20:33:36.992+07	2024-01-07 20:33:36.992+07	f	\N	4
21	6	user6@gmail.com	2024-01-07 20:33:47.131+07	2024-01-07 20:33:47.131+07	f	\N	4
27	user7	ngocminsh@gmail.com	2024-01-10 21:08:32.905+07	2024-01-10 21:08:32.905+07	t	\N	\N
28	user7	ngocminsh@gmail.com	2024-01-10 21:09:43.338+07	2024-01-10 21:09:43.338+07	f	\N	\N
29	user6a	user1s@gmail.com	2024-01-10 21:16:57.039+07	2024-01-10 21:16:57.039+07	t	\N	\N
30	laks	laks@gmail.com	2024-01-10 21:18:16.852+07	2024-01-10 22:02:44.685+07	f	\N	\N
16	aaaaa	user1@gmail.com	2024-01-07 20:33:00.706+07	2024-01-07 20:33:00.706+07	t	\N	1
17	2	user2@gmail.com	2024-01-07 20:33:09.989+07	2024-01-07 20:33:09.989+07	t	\N	2
18	3	user3@gmail.com	2024-01-07 20:33:19.56+07	2024-01-07 20:33:19.56+07	f	\N	3
19	4	user4@gmail.com	2024-01-07 20:33:28.228+07	2024-01-07 20:33:28.228+07	f	\N	4
22	7	user7@gmail.com	2024-01-07 20:33:56.373+07	2024-01-07 20:33:56.373+07	t	\N	3
23	8	user8@gmail.com	2024-01-07 20:34:03.863+07	2024-01-07 20:34:03.863+07	t	\N	4
\.


--
-- Data for Name: users_courses; Type: TABLE DATA; Schema: public; Owner: postgres
--

COPY public.users_courses (id, user_id, courses_id, created_at, updated_at) FROM stdin;
5	16	4	2024-01-10 20:37:09.902738+07	2024-01-10 20:37:09.902738+07
6	17	5	2024-01-10 20:37:09.902738+07	2024-01-10 20:37:09.902738+07
7	29	6	2024-01-10 21:16:57.083+07	2024-01-10 21:16:57.083+07
8	29	5	2024-01-10 21:16:57.089+07	2024-01-10 21:16:57.089+07
9	30	6	2024-01-10 21:18:16.889+07	2024-01-10 21:18:16.889+07
11	30	5	2024-01-10 22:02:36.606+07	2024-01-10 22:02:36.606+07
\.


--
-- Name: courses_id_seq; Type: SEQUENCE SET; Schema: public; Owner: postgres
--

SELECT pg_catalog.setval('public.courses_id_seq', 6, true);


--
-- Name: custumers_id_seq; Type: SEQUENCE SET; Schema: public; Owner: postgres
--

SELECT pg_catalog.setval('public.custumers_id_seq', 29, true);


--
-- Name: devices_id_seq; Type: SEQUENCE SET; Schema: public; Owner: postgres
--

SELECT pg_catalog.setval('public.devices_id_seq', 44, true);


--
-- Name: groups_id_seq; Type: SEQUENCE SET; Schema: public; Owner: postgres
--

SELECT pg_catalog.setval('public.groups_id_seq', 4, true);


--
-- Name: users_courses_id_seq; Type: SEQUENCE SET; Schema: public; Owner: postgres
--

SELECT pg_catalog.setval('public.users_courses_id_seq', 11, true);


--
-- Name: users_id_seq; Type: SEQUENCE SET; Schema: public; Owner: postgres
--

SELECT pg_catalog.setval('public.users_id_seq', 30, true);


--
-- Name: courses courses_pkey; Type: CONSTRAINT; Schema: public; Owner: postgres
--

ALTER TABLE ONLY public.courses
    ADD CONSTRAINT courses_pkey PRIMARY KEY (id);


--
-- Name: customers custumers_pkey; Type: CONSTRAINT; Schema: public; Owner: postgres
--

ALTER TABLE ONLY public.customers
    ADD CONSTRAINT custumers_pkey PRIMARY KEY (id);


--
-- Name: devices devices_pkey; Type: CONSTRAINT; Schema: public; Owner: postgres
--

ALTER TABLE ONLY public.devices
    ADD CONSTRAINT devices_pkey PRIMARY KEY (id);


--
-- Name: groups groups_pkey; Type: CONSTRAINT; Schema: public; Owner: postgres
--

ALTER TABLE ONLY public.groups
    ADD CONSTRAINT groups_pkey PRIMARY KEY (id);


--
-- Name: phones phone_pkey; Type: CONSTRAINT; Schema: public; Owner: postgres
--

ALTER TABLE ONLY public.phones
    ADD CONSTRAINT phone_pkey PRIMARY KEY (id, user_id, phone);


--
-- Name: users_courses users_courses_pkey; Type: CONSTRAINT; Schema: public; Owner: postgres
--

ALTER TABLE ONLY public.users_courses
    ADD CONSTRAINT users_courses_pkey PRIMARY KEY (id);


--
-- Name: users users_pkey; Type: CONSTRAINT; Schema: public; Owner: postgres
--

ALTER TABLE ONLY public.users
    ADD CONSTRAINT users_pkey PRIMARY KEY (id);


--
-- Name: devices devices_user_id_fkey; Type: FK CONSTRAINT; Schema: public; Owner: postgres
--

ALTER TABLE ONLY public.devices
    ADD CONSTRAINT devices_user_id_fkey FOREIGN KEY (user_id) REFERENCES public.customers(id) NOT VALID;


--
-- Name: phones phone_user_id_fkey; Type: FK CONSTRAINT; Schema: public; Owner: postgres
--

ALTER TABLE ONLY public.phones
    ADD CONSTRAINT phone_user_id_fkey FOREIGN KEY (user_id) REFERENCES public.users(id) NOT VALID;


--
-- Name: users user_group_id_foreign; Type: FK CONSTRAINT; Schema: public; Owner: postgres
--

ALTER TABLE ONLY public.users
    ADD CONSTRAINT user_group_id_foreign FOREIGN KEY (group_id) REFERENCES public.groups(id) NOT VALID;


--
-- Name: users_courses users_courses_courses_id_fkey; Type: FK CONSTRAINT; Schema: public; Owner: postgres
--

ALTER TABLE ONLY public.users_courses
    ADD CONSTRAINT users_courses_courses_id_fkey FOREIGN KEY (courses_id) REFERENCES public.courses(id);


--
-- Name: users_courses users_courses_user_id_fkey; Type: FK CONSTRAINT; Schema: public; Owner: postgres
--

ALTER TABLE ONLY public.users_courses
    ADD CONSTRAINT users_courses_user_id_fkey FOREIGN KEY (user_id) REFERENCES public.users(id);


--
-- PostgreSQL database dump complete
--

